id,location_id,organization_id,service_id,name,title,email,department
1,1,,,N/A,,,
2,2,,,N/A,,,
3,3,,,N/A,,,
4,4,,,N/A,,,
5,5,,,N/A,,,
6,6,,,N/A,,,
7,7,,,N/A,,,
8,8,,,N/A,,,
9,9,,,N/A,,,
10,10,,,N/A,,,
11,11,,,N/A,,,
12,12,,,N/A,,,
13,13,,,N/A,,,
14,14,,,N/A,,,
15,15,,,N/A,,,
16,16,,,N/A,,,
17,17,,,N/A,,,
18,18,,,N/A,,,
19,19,,,N/A,,,
20,20,,,N/A,,,
21,21,,,N/A,,,
22,22,,,N/A,,,
23,23,,,N/A,,,
24,24,,,N/A,,,
25,25,,,N/A,,,
26,26,,,N/A,,,
27,27,,,N/A,,,
28,28,,,N/A,,,
29,29,,,N/A,,,
30,30,,,N/A,,,
31,31,,,N/A,,,
32,32,,,N/A,,,
33,33,,,N/A,,,
34,34,,,N/A,,,
35,35,,,N/A,,,
36,36,,,N/A,,,
37,37,,,N/A,,,
38,38,,,N/A,,,
39,39,,,N/A,,,
40,40,,,N/A,,,
41,41,,,N/A,,,
42,42,,,N/A,,,
43,43,,,N/A,,,
44,44,,,N/A,,,
45,45,,,N/A,,,
46,46,,,N/A,,,
47,47,,,N/A,,,
48,48,,,N/A,,,
49,49,,,N/A,,,
50,50,,,N/A,,,
51,51,,,N/A,,,
52,52,,,N/A,,,
53,53,,,N/A,,,
54,54,,,N/A,,,
55,55,,,N/A,,,
56,56,,,N/A,,,
57,57,,,N/A,,,
58,58,,,N/A,,,
59,59,,,N/A,,,
60,60,,,N/A,,,
61,61,,,N/A,,,
62,62,,,N/A,,,
63,63,,,N/A,,,
64,64,,,N/A,,,
65,65,,,N/A,,,
66,66,,,N/A,,,
67,67,,,N/A,,,
68,68,,,N/A,,,
69,69,,,N/A,,,